{
	"events": [
		{
			"character": "character-1676338015.json",
			"event_id": "dialogic_001",
			"portrait": "",
			"text": "Ho, fellow wanderer! A fine day for a swimabout, wouldn't you say?\n\nMy name's Munice. I'm a bit of an antiquarian! Did you know that there's some evidence that there's life that can survive out of the water?\n\nUnthinkable, I know! But the truth is out there, somewhere. I can feel it in my shell!"
		},
		{
			"event_id": "dialogic_022",
			"transition_duration": 1
		}
	],
	"metadata": {
		"dialogic-version": "1.4.5",
		"file": "timeline-1676334955.json",
		"name": "Munice_SquatLobster_init"
	}
}
