{
	"events": [
		{
			"character": "character-1676337940.json",
			"event_id": "dialogic_010",
			"options": [

			],
			"portrait": "",
			"question": "Anyway, where was I?"
		},
		{
			"choice": "The \"Horugaloos\".",
			"condition": "",
			"definition": "",
			"event_id": "dialogic_011",
			"value": ""
		},
		{
			"character": "character-1676337940.json",
			"event_id": "dialogic_001",
			"portrait": "",
			"text": "Ah, yes, the Horugaloos. See, in fanon, the Horugaloos are generally considered to be unpleasant. However, I think that this characterization is unfounded. Unjust, even!  After all, if it wasn't for the service of the Horugaloos, the entirety of the Space-Time-Horu continuum would be in utter shambles! I mean, just really torn to shreds. Completely destroyed. Totally ruined. Uninhabitable! Strangely, more green than you might expect. This text intentionally overflows."
		},
		{
			"event_id": "dialogic_022",
			"transition_duration": 1
		},
		{
			"choice": "[Exit]",
			"condition": "",
			"definition": "",
			"event_id": "dialogic_011",
			"value": ""
		},
		{
			"character": "character-1676337940.json",
			"event_id": "dialogic_001",
			"portrait": "",
			"text": "Have you noticed that you say the brackets out loud?"
		},
		{
			"event_id": "dialogic_022",
			"transition_duration": 1
		},
		{
			"event_id": "dialogic_013"
		}
	],
	"metadata": {
		"dialogic-version": "1.4.5",
		"file": "timeline-1676333971.json",
		"name": "Jacques_repeat"
	}
}
