{
	"events": [
		{
			"character": "character-1676338070.json",
			"event_id": "dialogic_001",
			"portrait": "",
			"text": "[shake rate=50 level=20]SO. YOU MADE IT ALL THE WAY HERE. FOR MY #*(@$!%' CLAW.[/shake]\n\n[shake rate=50 level=20]HEH. GOTTA HAND IT TO YOU. NOT MANY PEOPLE WOULD TRY AND PUSH THEIR LUCK THIS FAR.[/shake]\n\n[shake rate=80 level=20]SO WHY ARE YOU STILL HERE?[/shake]\n\n[shake rate=50 level=20]DO I HAVE TO COME DOWN THERE AND BEAT YOU TO A SHRIMPY PULP MYSELF? BECAUSE I'LL DO IT. DON'T EVEN TEST ME.[/shake]"
		},
		{
			"character": "character-1676338070.json",
			"event_id": "dialogic_010",
			"options": [

			],
			"portrait": "",
			"question": "[shake rate=80 level=20]SHOULD I?[/shake]"
		},
		{
			"choice": "I can take you",
			"condition": "",
			"definition": "",
			"event_id": "dialogic_011",
			"value": ""
		},
		{
			"character": "character-1676338070.json",
			"event_id": "dialogic_001",
			"portrait": "",
			"text": "[shake rate=90 level=20]LET'S #&^*!^% GO[/shake]"
		},
		{
			"call_node": {
				"arguments": [
					"Claw"
				],
				"method_name": "add_pickup",
				"target_node_path": "/root/root/TestScene/Player/Camera/Canvas/Inventory"
			},
			"event_id": "dialogic_042"
		},
		{
			"call_node": {
				"arguments": [

				],
				"method_name": "load_crab_fight",
				"target_node_path": "/root/root"
			},
			"event_id": "dialogic_042"
		},
		{
			"choice": "Perhaps not",
			"condition": "",
			"definition": "",
			"event_id": "dialogic_011",
			"value": ""
		},
		{
			"character": "character-1676338070.json",
			"event_id": "dialogic_001",
			"portrait": "",
			"text": "[shake rate=50 level=20]THAT'S WHAT I THOUGHT.[/shake]"
		},
		{
			"event_id": "dialogic_013"
		},
		{
			"event_id": "dialogic_022",
			"transition_duration": 1
		}
	],
	"metadata": {
		"dialogic-version": "1.4.5",
		"file": "timeline-1676334483.json",
		"name": "King_Rathbuni_init"
	}
}
