{
	"events": [
		{
			"character": "character-1676338052.json",
			"event_id": "dialogic_001",
			"portrait": "",
			"text": "..."
		},
		{
			"character": "",
			"event_id": "dialogic_001",
			"portrait": "",
			"text": "The queen blurbles."
		},
		{
			"character": "character-1676338052.json",
			"event_id": "dialogic_001",
			"portrait": "",
			"text": "..."
		},
		{
			"call_node": {
				"arguments": [
					"Antenna"
				],
				"method_name": "add_pickup",
				"target_node_path": "/root/root/TestScene/Player/Camera/Canvas/Inventory"
			},
			"event_id": "dialogic_042"
		},
		{
			"event_id": "dialogic_022",
			"transition_duration": 1
		}
	],
	"metadata": {
		"dialogic-version": "1.4.5",
		"file": "timeline-1676334321.json",
		"name": "Queen_Cucumber_init"
	}
}
