{
	"events": [
		{
			"character": "character-1676343909.json",
			"event_id": "dialogic_001",
			"portrait": "",
			"text": "[wave amp=50 freq=2]*indistinct gurgling*[/wave]"
		},
		{
			"character": "character-1676337951.json",
			"event_id": "dialogic_001",
			"portrait": "",
			"text": "That's my beautiful boy! You're such a smart son."
		},
		{
			"event_id": "dialogic_022",
			"transition_duration": 1
		}
	],
	"metadata": {
		"dialogic-version": "1.4.5",
		"file": "timeline-1676333915.json",
		"name": "Peony_Phylo_init"
	}
}
