{
	"events": [
		{
			"character": "character-1676338034.json",
			"event_id": "dialogic_001",
			"portrait": "",
			"text": "Ah, a visitor to our kingdom. How pleasant."
		},
		{
			"character": "character-1676338034.json",
			"event_id": "dialogic_010",
			"options": [

			],
			"portrait": "",
			"question": "Tell us, what brings you here?"
		},
		{
			"choice": "Some technological gizmo",
			"condition": "",
			"definition": "",
			"event_id": "dialogic_011",
			"value": ""
		},
		{
			"character": "character-1676338034.json",
			"event_id": "dialogic_001",
			"portrait": "",
			"text": "Oh yes! Let us see, we should be happy to get it back to you."
		},
		{
			"choice": "Tales of your antennae",
			"condition": "",
			"definition": "",
			"event_id": "dialogic_011",
			"value": ""
		},
		{
			"character": "character-1676338034.json",
			"event_id": "dialogic_010",
			"options": [

			],
			"portrait": "",
			"question": "W-what? Surely you cannot be serious."
		},
		{
			"choice": "They are as lovely as the stories say",
			"condition": "",
			"definition": "",
			"event_id": "dialogic_011",
			"value": ""
		},
		{
			"character": "character-1676338034.json",
			"event_id": "dialogic_001",
			"portrait": "",
			"text": "We are flattered by your kind words, but we are actually seeing someone at the moment.\n\nNo, you wouldn't know them. They go to a different school.\n\nPlease, allow me to grant you the [b]Bauble[/b] we took from your town as a gift."
		},
		{
			"choice": "They are even lovelier in person",
			"condition": "",
			"definition": "",
			"event_id": "dialogic_011",
			"value": ""
		},
		{
			"character": "character-1676338034.json",
			"event_id": "dialogic_001",
			"portrait": "",
			"text": "W-whatever! We will give you the [b]Bauble[/b] we took from your town, just to shut you up."
		},
		{
			"event_id": "dialogic_013"
		},
		{
			"choice": "The incomparable scenery",
			"condition": "",
			"definition": "",
			"event_id": "dialogic_011",
			"value": ""
		},
		{
			"character": "character-1676338034.json",
			"event_id": "dialogic_001",
			"portrait": "",
			"text": "It is quite beautiful, is it not? We demand a poem from you describing exactly how beautiful it is."
		},
		{
			"character": "",
			"event_id": "dialogic_010",
			"options": [

			],
			"portrait": "",
			"question": "Roses are..."
		},
		{
			"choice": "White",
			"condition": "",
			"definition": "",
			"event_id": "dialogic_011",
			"value": ""
		},
		{
			"choice": "Black",
			"condition": "",
			"definition": "",
			"event_id": "dialogic_011",
			"value": ""
		},
		{
			"event_id": "dialogic_013"
		},
		{
			"character": "",
			"event_id": "dialogic_010",
			"options": [

			],
			"portrait": "",
			"question": "Oceans are..."
		},
		{
			"choice": "White",
			"condition": "",
			"definition": "",
			"event_id": "dialogic_011",
			"value": ""
		},
		{
			"choice": "Black",
			"condition": "",
			"definition": "",
			"event_id": "dialogic_011",
			"value": ""
		},
		{
			"event_id": "dialogic_013"
		},
		{
			"character": "",
			"event_id": "dialogic_010",
			"options": [

			],
			"portrait": "",
			"question": "This place..."
		},
		{
			"choice": "has no color",
			"condition": "",
			"definition": "",
			"event_id": "dialogic_011",
			"value": ""
		},
		{
			"choice": "has no color",
			"condition": "",
			"definition": "",
			"event_id": "dialogic_011",
			"value": ""
		},
		{
			"event_id": "dialogic_013"
		},
		{
			"character": "",
			"event_id": "dialogic_010",
			"options": [

			],
			"portrait": "",
			"question": "But..."
		},
		{
			"choice": "This shrimp is wack",
			"condition": "",
			"definition": "",
			"event_id": "dialogic_011",
			"value": ""
		},
		{
			"choice": "I'm filled with spite",
			"condition": "",
			"definition": "",
			"event_id": "dialogic_011",
			"value": ""
		},
		{
			"event_id": "dialogic_013"
		},
		{
			"character": "character-1676338034.json",
			"event_id": "dialogic_001",
			"portrait": "",
			"text": "Hm.\n\nYes, we suppose we get what we pay for.\n\nHere's a [b]Bauble[/b] we took. Take it as payment to leave."
		},
		{
			"event_id": "dialogic_013"
		},
		{
			"character": "character-1676338034.json",
			"event_id": "dialogic_001",
			"portrait": "",
			"text": "Let us see, it should be around here somewhere...\n\nNo, that's not the specific one. We could have sworn it was in this pile last we checked...\n\nAh! Here we are! For you."
		},
		{
			"call_node": {
				"arguments": [
					"Battery"
				],
				"method_name": "add_pickup",
				"target_node_path": "/root/root/TestScene/Player/Camera/Canvas/Inventory"
			},
			"event_id": "dialogic_042"
		},
		{
			"event_id": "dialogic_022",
			"transition_duration": 1
		}
	],
	"metadata": {
		"dialogic-version": "1.4.5",
		"file": "timeline-1676334057.json",
		"name": "Queen_Bathynomous_init"
	}
}
