{
	"events": [
		{
			"character": "character-1676147186.json",
			"event_id": "dialogic_001",
			"portrait": "",
			"text": "Ah, finally! A youngster wants to learn from an old shrimp like me.\n\nTell me, have you heard the true story about the strange tower of our town? I thought not. Kids today, always on their devices. Why, three months ago when I was just a spawn not that much bigger than you I swam all the way to the top! Do you know what I found?\n\n...Do you? Honestly, my memory is a bit foggy. \n\nOh yes! Some sort of [i]strange device[/i]. I thought it was neat, so I told my friend about it (rest his shrimp soul). Well, he tells a friend, and that friend tells two friends, and long story short? The entirety of civilization decides to come tear it apart!\n\nI'd love to see it rebuilt, but you'll need to take back the three components from far-flung reaches. I'd do it myself, but my programs are on. Be a good sport and take care of it for ol' Gramps, wouldn't you?"
		},
		{
			"character": "",
			"event_id": "dialogic_010",
			"options": [

			],
			"portrait": "",
			"question": "Will you partake on this grand adventure?"
		},
		{
			"choice": "Yes",
			"condition": "",
			"definition": "",
			"event_id": "dialogic_011",
			"value": ""
		},
		{
			"choice": "Definitely",
			"condition": "",
			"definition": "",
			"event_id": "dialogic_011",
			"value": ""
		},
		{
			"choice": "Absolutely",
			"condition": "",
			"definition": "",
			"event_id": "dialogic_011",
			"value": ""
		},
		{
			"event_id": "dialogic_013"
		},
		{
			"character": "character-1676147186.json",
			"event_id": "dialogic_001",
			"portrait": "",
			"text": "Great! Now get moving, my show's back from the ads."
		},
		{
			"event_id": "dialogic_022",
			"transition_duration": 1
		}
	],
	"metadata": {
		"dialogic-version": "1.4.5",
		"file": "timeline-1676147179.json",
		"name": "Gramps_init"
	}
}
