{
	"events": [
		{
			"character": "character-1676343909.json",
			"event_id": "dialogic_001",
			"portrait": "",
			"text": "[wave amp=100 freq=8]*indistinct gurgling*[/wave]"
		},
		{
			"character": "character-1676337951.json",
			"event_id": "dialogic_001",
			"portrait": "",
			"text": "They grow up so fast!"
		},
		{
			"event_id": "dialogic_022",
			"transition_duration": 1
		}
	],
	"metadata": {
		"dialogic-version": "1.4.5",
		"file": "timeline-1676333921.json",
		"name": "Peony_Phylo_repeat"
	}
}
