{
	"events": [
		{
			"character": "character-1676338030.json",
			"event_id": "dialogic_001",
			"portrait": "",
			"text": "Oooh, hello dearie! So nice to have a visitor. Make yourself at home!"
		},
		{
			"character": "character-1676338030.json",
			"event_id": "dialogic_010",
			"options": [

			],
			"portrait": "",
			"question": "Are you having a good day today?"
		},
		{
			"choice": "Yes",
			"condition": "",
			"definition": "",
			"event_id": "dialogic_011",
			"value": ""
		},
		{
			"character": "character-1676338030.json",
			"event_id": "dialogic_001",
			"portrait": "",
			"text": "Oooh, wonderful! I'm so glad to hear it."
		},
		{
			"choice": "No",
			"condition": "",
			"definition": "",
			"event_id": "dialogic_011",
			"value": ""
		},
		{
			"character": "character-1676338030.json",
			"event_id": "dialogic_001",
			"portrait": "",
			"text": "Oh dear. I do hope it gets better! Life tends to be funny that way."
		},
		{
			"event_id": "dialogic_013"
		},
		{
			"character": "character-1676338030.json",
			"event_id": "dialogic_001",
			"portrait": "",
			"text": "You stop by any time you like, dear! I've just got some cookies in the oven."
		},
		{
			"event_id": "dialogic_022",
			"transition_duration": 1
		}
	],
	"metadata": {
		"dialogic-version": "1.4.5",
		"file": "timeline-1676334084.json",
		"name": "Hazel_init"
	}
}
